count(trip_id),fare_amount,date,city_id
100,22464,2024-01-01,AP01
92,21600,2024-01-02,AP01
101,23814,2024-01-03,AP01
103,24021,2024-01-04,AP01
132,30915,2024-01-05,AP01
261,92027,2024-01-06,AP01
262,89156,2024-01-07,AP01
103,24111,2024-01-08,AP01
105,25335,2024-01-09,AP01
102,24084,2024-01-10,AP01
106,25992,2024-01-11,AP01
116,26226,2024-01-12,AP01
275,95331,2024-01-13,AP01
223,75965,2024-01-14,AP01
93,21780,2024-01-15,AP01
99,23472,2024-01-16,AP01
125,27945,2024-01-17,AP01
114,25407,2024-01-18,AP01
95,21024,2024-01-19,AP01
254,86490,2024-01-20,AP01
245,85659,2024-01-21,AP01
125,28971,2024-01-22,AP01
106,23400,2024-01-23,AP01
94,21546,2024-01-24,AP01
111,25866,2024-01-25,AP01
97,22608,2024-01-26,AP01
262,87994,2024-01-27,AP01
254,86658,2024-01-28,AP01
112,25119,2024-01-29,AP01
111,25389,2024-01-30,AP01
90,20718,2024-01-31,AP01
118,27927,2024-02-01,AP01
119,27657,2024-02-02,AP01
327,112163,2024-02-03,AP01
299,100277,2024-02-04,AP01
115,26280,2024-02-05,AP01
120,27306,2024-02-06,AP01
117,26253,2024-02-07,AP01
110,25371,2024-02-08,AP01
112,25812,2024-02-09,AP01
282,98054,2024-02-10,AP01
269,94777,2024-02-11,AP01
97,21852,2024-02-12,AP01
111,26226,2024-02-13,AP01
113,24858,2024-02-14,AP01
109,26154,2024-02-15,AP01
128,29277,2024-02-16,AP01
288,98384,2024-02-17,AP01
320,109916,2024-02-18,AP01
100,21600,2024-02-19,AP01
122,29322,2024-02-20,AP01
108,24453,2024-02-21,AP01
124,28494,2024-02-22,AP01
114,26946,2024-02-23,AP01
306,103266,2024-02-24,AP01
314,105442,2024-02-25,AP01
105,24462,2024-02-26,AP01
126,29079,2024-02-27,AP01
108,24408,2024-02-28,AP01
112,25731,2024-02-29,AP01
104,24669,2024-03-01,AP01
246,83460,2024-03-02,AP01
226,77586,2024-03-03,AP01
115,26829,2024-03-04,AP01
128,29214,2024-03-05,AP01
98,22509,2024-03-06,AP01
123,28656,2024-03-07,AP01
148,33768,2024-03-08,AP01
232,78196,2024-03-09,AP01
227,75919,2024-03-10,AP01
137,31698,2024-03-11,AP01
125,29772,2024-03-12,AP01
130,31257,2024-03-13,AP01
128,28854,2024-03-14,AP01
120,27585,2024-03-15,AP01
226,79168,2024-03-16,AP01
246,84160,2024-03-17,AP01
105,23769,2024-03-18,AP01
109,24039,2024-03-19,AP01
108,23769,2024-03-20,AP01
116,27423,2024-03-21,AP01
121,27648,2024-03-22,AP01
240,81716,2024-03-23,AP01
242,83058,2024-03-24,AP01
145,33615,2024-03-25,AP01
114,26199,2024-03-26,AP01
106,24768,2024-03-27,AP01
128,29412,2024-03-28,AP01
117,28422,2024-03-29,AP01
223,74691,2024-03-30,AP01
244,83952,2024-03-31,AP01
104,23616,2024-04-01,AP01
132,30672,2024-04-02,AP01
125,29511,2024-04-03,AP01
130,30708,2024-04-04,AP01
129,29556,2024-04-05,AP01
314,110958,2024-04-06,AP01
293,100899,2024-04-07,AP01
115,25785,2024-04-08,AP01
108,23139,2024-04-09,AP01
130,28620,2024-04-10,AP01
125,28314,2024-04-11,AP01
118,27207,2024-04-12,AP01
288,94884,2024-04-13,AP01
260,85826,2024-04-14,AP01
115,26748,2024-04-15,AP01
115,25992,2024-04-16,AP01
124,27243,2024-04-17,AP01
114,26199,2024-04-18,AP01
112,26352,2024-04-19,AP01
269,95491,2024-04-20,AP01
280,95522,2024-04-21,AP01
143,33543,2024-04-22,AP01
127,28719,2024-04-23,AP01
118,27279,2024-04-24,AP01
106,25011,2024-04-25,AP01
130,29889,2024-04-26,AP01
302,105748,2024-04-27,AP01
280,94052,2024-04-28,AP01
101,22770,2024-04-29,AP01
131,30429,2024-04-30,AP01
127,29178,2024-05-01,AP01
107,23841,2024-05-02,AP01
103,22806,2024-05-03,AP01
266,90328,2024-05-04,AP01
268,94358,2024-05-05,AP01
98,22878,2024-05-06,AP01
119,26829,2024-05-07,AP01
136,31266,2024-05-08,AP01
122,28836,2024-05-09,AP01
129,29934,2024-05-10,AP01
290,97710,2024-05-11,AP01
254,88394,2024-05-12,AP01
124,28152,2024-05-13,AP01
122,29268,2024-05-14,AP01
104,23823,2024-05-15,AP01
115,26262,2024-05-16,AP01
125,28647,2024-05-17,AP01
262,90920,2024-05-18,AP01
256,88980,2024-05-19,AP01
113,26118,2024-05-20,AP01
118,27108,2024-05-21,AP01
107,24885,2024-05-22,AP01
99,22239,2024-05-23,AP01
114,26667,2024-05-24,AP01
253,86463,2024-05-25,AP01
240,81646,2024-05-26,AP01
109,24786,2024-05-27,AP01
127,29475,2024-05-28,AP01
131,30447,2024-05-29,AP01
139,31545,2024-05-30,AP01
135,30798,2024-05-31,AP01
216,77050,2024-06-01,AP01
212,74338,2024-06-02,AP01
123,29772,2024-06-03,AP01
120,25686,2024-06-04,AP01
117,27936,2024-06-05,AP01
122,26730,2024-06-06,AP01
121,26406,2024-06-07,AP01
235,81371,2024-06-08,AP01
235,81301,2024-06-09,AP01
113,25317,2024-06-10,AP01
117,26820,2024-06-11,AP01
124,28809,2024-06-12,AP01
106,24327,2024-06-13,AP01
116,28332,2024-06-14,AP01
207,71123,2024-06-15,AP01
210,69776,2024-06-16,AP01
119,27072,2024-06-17,AP01
123,27531,2024-06-18,AP01
130,29385,2024-06-19,AP01
136,31626,2024-06-20,AP01
127,29880,2024-06-21,AP01
209,69245,2024-06-22,AP01
197,66317,2024-06-23,AP01
110,25371,2024-06-24,AP01
116,26811,2024-06-25,AP01
119,27468,2024-06-26,AP01
109,26082,2024-06-27,AP01
112,25857,2024-06-28,AP01
193,65929,2024-06-29,AP01
184,60730,2024-06-30,AP01
161,38656,2024-01-01,CH01
138,32100,2024-01-02,CH01
141,33591,2024-01-03,CH01
166,39218,2024-01-04,CH01
144,34722,2024-01-05,CH01
415,138801,2024-01-06,CH01
404,135915,2024-01-07,CH01
149,34312,2024-01-08,CH01
152,36343,2024-01-09,CH01
137,31777,2024-01-10,CH01
154,35252,2024-01-11,CH01
163,38879,2024-01-12,CH01
388,127738,2024-01-13,CH01
441,146055,2024-01-14,CH01
152,36199,2024-01-15,CH01
141,35616,2024-01-16,CH01
173,42019,2024-01-17,CH01
144,34803,2024-01-18,CH01
141,33672,2024-01-19,CH01
397,132730,2024-01-20,CH01
448,149578,2024-01-21,CH01
171,40923,2024-01-22,CH01
152,36370,2024-01-23,CH01
156,37239,2024-01-24,CH01
170,40591,2024-01-25,CH01
130,30713,2024-01-26,CH01
421,137332,2024-01-27,CH01
406,135109,2024-01-28,CH01
142,33734,2024-01-29,CH01
162,39429,2024-01-30,CH01
151,34877,2024-01-31,CH01
159,37218,2024-02-01,CH01
150,35589,2024-02-02,CH01
460,154921,2024-02-03,CH01
472,156026,2024-02-04,CH01
179,43021,2024-02-05,CH01
185,44086,2024-02-06,CH01
168,38838,2024-02-07,CH01
174,41262,2024-02-08,CH01
188,44605,2024-02-09,CH01
497,167570,2024-02-10,CH01
467,156494,2024-02-11,CH01
155,35953,2024-02-12,CH01
173,42352,2024-02-13,CH01
174,41235,2024-02-14,CH01
167,38110,2024-02-15,CH01
178,43220,2024-02-16,CH01
473,156156,2024-02-17,CH01
488,160966,2024-02-18,CH01
195,46398,2024-02-19,CH01
158,37777,2024-02-20,CH01
180,43695,2024-02-21,CH01
171,39789,2024-02-22,CH01
189,45207,2024-02-23,CH01
438,142285,2024-02-24,CH01
469,154674,2024-02-25,CH01
179,43597,2024-02-26,CH01
175,40946,2024-02-27,CH01
169,39944,2024-02-28,CH01
157,36356,2024-02-29,CH01
148,34250,2024-03-01,CH01
314,101530,2024-03-02,CH01
339,113633,2024-03-03,CH01
157,37751,2024-03-04,CH01
149,34501,2024-03-05,CH01
173,41839,2024-03-06,CH01
140,33205,2024-03-07,CH01
157,36752,2024-03-08,CH01
304,100919,2024-03-09,CH01
309,102505,2024-03-10,CH01
157,37265,2024-03-11,CH01
159,37488,2024-03-12,CH01
168,40251,2024-03-13,CH01
126,29628,2024-03-14,CH01
146,34621,2024-03-15,CH01
332,109343,2024-03-16,CH01
325,107133,2024-03-17,CH01
170,40366,2024-03-18,CH01
163,39266,2024-03-19,CH01
168,39270,2024-03-20,CH01
168,40683,2024-03-21,CH01
185,42961,2024-03-22,CH01
371,126334,2024-03-23,CH01
317,104702,2024-03-24,CH01
149,35284,2024-03-25,CH01
141,32898,2024-03-26,CH01
140,33106,2024-03-27,CH01
167,39820,2024-03-28,CH01
167,38947,2024-03-29,CH01
337,109356,2024-03-30,CH01
323,108186,2024-03-31,CH01
116,27460,2024-04-01,CH01
130,32630,2024-04-02,CH01
123,28875,2024-04-03,CH01
127,29924,2024-04-04,CH01
123,28659,2024-04-05,CH01
323,107120,2024-04-06,CH01
347,114205,2024-04-07,CH01
133,31817,2024-04-08,CH01
130,30551,2024-04-09,CH01
144,34569,2024-04-10,CH01
118,25856,2024-04-11,CH01
150,36462,2024-04-12,CH01
320,105820,2024-04-13,CH01
329,111007,2024-04-14,CH01
132,32259,2024-04-15,CH01
141,33888,2024-04-16,CH01
120,28923,2024-04-17,CH01
139,32225,2024-04-18,CH01
119,29581,2024-04-19,CH01
352,118313,2024-04-20,CH01
351,116246,2024-04-21,CH01
135,31941,2024-04-22,CH01
143,32968,2024-04-23,CH01
125,30961,2024-04-24,CH01
122,29218,2024-04-25,CH01
120,28788,2024-04-26,CH01
338,112762,2024-04-27,CH01
337,112372,2024-04-28,CH01
138,33675,2024-04-29,CH01
141,34950,2024-04-30,CH01
131,29911,2024-05-01,CH01
152,36631,2024-05-02,CH01
141,33141,2024-05-03,CH01
394,128284,2024-05-04,CH01
400,133679,2024-05-05,CH01
149,35968,2024-05-06,CH01
169,40340,2024-05-07,CH01
159,38667,2024-05-08,CH01
159,37974,2024-05-09,CH01
171,40257,2024-05-10,CH01
414,135304,2024-05-11,CH01
368,121875,2024-05-12,CH01
176,41161,2024-05-13,CH01
158,38326,2024-05-14,CH01
150,34806,2024-05-15,CH01
152,35659,2024-05-16,CH01
143,34426,2024-05-17,CH01
346,114387,2024-05-18,CH01
361,119470,2024-05-19,CH01
147,33612,2024-05-20,CH01
151,36245,2024-05-21,CH01
147,34863,2024-05-22,CH01
170,40492,2024-05-23,CH01
190,43622,2024-05-24,CH01
377,126295,2024-05-25,CH01
378,124124,2024-05-26,CH01
175,41459,2024-05-27,CH01
138,31065,2024-05-28,CH01
149,35563,2024-05-29,CH01
160,37955,2024-05-30,CH01
145,35216,2024-05-31,CH01
316,103584,2024-06-01,CH01
277,91689,2024-06-02,CH01
158,38110,2024-06-03,CH01
154,37304,2024-06-04,CH01
149,35518,2024-06-05,CH01
146,36196,2024-06-06,CH01
168,40638,2024-06-07,CH01
281,94172,2024-06-08,CH01
272,91494,2024-06-09,CH01
160,37379,2024-06-10,CH01
130,30281,2024-06-11,CH01
141,33330,2024-06-12,CH01
129,30507,2024-06-13,CH01
145,33335,2024-06-14,CH01
319,105469,2024-06-15,CH01
273,88855,2024-06-16,CH01
152,36064,2024-06-17,CH01
156,37635,2024-06-18,CH01
152,37360,2024-06-19,CH01
161,37693,2024-06-20,CH01
150,37182,2024-06-21,CH01
310,101582,2024-06-22,CH01
303,104715,2024-06-23,CH01
187,44363,2024-06-24,CH01
135,32841,2024-06-25,CH01
146,35548,2024-06-26,CH01
157,36581,2024-06-27,CH01
176,40864,2024-06-28,CH01
303,101738,2024-06-29,CH01
323,105196,2024-06-30,CH01
226,24958,2024-01-01,GJ01
247,26069,2024-01-02,GJ01
247,26693,2024-01-03,GJ01
243,25713,2024-01-04,GJ01
234,24462,2024-01-05,GJ01
339,47130,2024-01-06,GJ01
326,45684,2024-01-07,GJ01
260,27932,2024-01-08,GJ01
262,28354,2024-01-09,GJ01
217,23475,2024-01-10,GJ01
288,30704,2024-01-11,GJ01
228,24588,2024-01-12,GJ01
320,44921,2024-01-13,GJ01
328,45744,2024-01-14,GJ01
240,25320,2024-01-15,GJ01
242,25494,2024-01-16,GJ01
246,25954,2024-01-17,GJ01
253,27111,2024-01-18,GJ01
235,24233,2024-01-19,GJ01
333,48468,2024-01-20,GJ01
313,44810,2024-01-21,GJ01
284,30188,2024-01-22,GJ01
246,26522,2024-01-23,GJ01
244,25900,2024-01-24,GJ01
267,28313,2024-01-25,GJ01
247,26013,2024-01-26,GJ01
319,44858,2024-01-27,GJ01
337,46377,2024-01-28,GJ01
238,25378,2024-01-29,GJ01
275,29761,2024-01-30,GJ01
274,28422,2024-01-31,GJ01
264,28128,2024-02-01,GJ01
293,31247,2024-02-02,GJ01
394,55501,2024-02-03,GJ01
374,52822,2024-02-04,GJ01
275,29625,2024-02-05,GJ01
293,30887,2024-02-06,GJ01
288,30344,2024-02-07,GJ01
325,34983,2024-02-08,GJ01
285,30047,2024-02-09,GJ01
374,52646,2024-02-10,GJ01
392,55991,2024-02-11,GJ01
291,31161,2024-02-12,GJ01
294,31690,2024-02-13,GJ01
304,32344,2024-02-14,GJ01
281,30051,2024-02-15,GJ01
293,31119,2024-02-16,GJ01
364,51169,2024-02-17,GJ01
374,52316,2024-02-18,GJ01
310,33122,2024-02-19,GJ01
281,30563,2024-02-20,GJ01
285,31447,2024-02-21,GJ01
308,32772,2024-02-22,GJ01
275,29073,2024-02-23,GJ01
395,56191,2024-02-24,GJ01
355,50085,2024-02-25,GJ01
289,30203,2024-02-26,GJ01
269,29127,2024-02-27,GJ01
256,26976,2024-02-28,GJ01
288,30736,2024-02-29,GJ01
300,30708,2024-03-01,GJ01
307,42749,2024-03-02,GJ01
298,42270,2024-03-03,GJ01
333,34863,2024-03-04,GJ01
302,32138,2024-03-05,GJ01
284,30652,2024-03-06,GJ01
306,32782,2024-03-07,GJ01
310,33202,2024-03-08,GJ01
290,41821,2024-03-09,GJ01
293,40690,2024-03-10,GJ01
312,32816,2024-03-11,GJ01
287,30981,2024-03-12,GJ01
295,32157,2024-03-13,GJ01
323,34977,2024-03-14,GJ01
304,32632,2024-03-15,GJ01
286,39721,2024-03-16,GJ01
302,41609,2024-03-17,GJ01
327,34957,2024-03-18,GJ01
291,31993,2024-03-19,GJ01
297,32163,2024-03-20,GJ01
285,32455,2024-03-21,GJ01
305,32859,2024-03-22,GJ01
289,41230,2024-03-23,GJ01
308,42900,2024-03-24,GJ01
265,28467,2024-03-25,GJ01
298,31862,2024-03-26,GJ01
290,29894,2024-03-27,GJ01
313,32915,2024-03-28,GJ01
308,33084,2024-03-29,GJ01
267,37083,2024-03-30,GJ01
292,40374,2024-03-31,GJ01
298,30990,2024-04-01,GJ01
300,32100,2024-04-02,GJ01
340,36420,2024-04-03,GJ01
349,37247,2024-04-04,GJ01
290,31494,2024-04-05,GJ01
387,53762,2024-04-06,GJ01
375,52918,2024-04-07,GJ01
262,27618,2024-04-08,GJ01
314,34622,2024-04-09,GJ01
308,33084,2024-04-10,GJ01
310,32922,2024-04-11,GJ01
309,33759,2024-04-12,GJ01
388,54276,2024-04-13,GJ01
381,53538,2024-04-14,GJ01
274,29110,2024-04-15,GJ01
308,33124,2024-04-16,GJ01
305,32275,2024-04-17,GJ01
292,30956,2024-04-18,GJ01
327,34933,2024-04-19,GJ01
372,54533,2024-04-20,GJ01
377,51966,2024-04-21,GJ01
317,34519,2024-04-22,GJ01
282,29846,2024-04-23,GJ01
334,36434,2024-04-24,GJ01
343,36589,2024-04-25,GJ01
338,36526,2024-04-26,GJ01
380,53167,2024-04-27,GJ01
339,48197,2024-04-28,GJ01
326,34906,2024-04-29,GJ01
306,33078,2024-04-30,GJ01
340,37044,2024-05-01,GJ01
288,30760,2024-05-02,GJ01
284,30636,2024-05-03,GJ01
312,43438,2024-05-04,GJ01
357,49375,2024-05-05,GJ01
280,29616,2024-05-06,GJ01
296,32088,2024-05-07,GJ01
303,33333,2024-05-08,GJ01
303,32701,2024-05-09,GJ01
337,35763,2024-05-10,GJ01
336,46017,2024-05-11,GJ01
335,46944,2024-05-12,GJ01
311,33869,2024-05-13,GJ01
292,30764,2024-05-14,GJ01
320,33696,2024-05-15,GJ01
294,31946,2024-05-16,GJ01
289,30611,2024-05-17,GJ01
376,52959,2024-05-18,GJ01
359,49853,2024-05-19,GJ01
296,31200,2024-05-20,GJ01
313,33915,2024-05-21,GJ01
310,33018,2024-05-22,GJ01
276,29276,2024-05-23,GJ01
301,31655,2024-05-24,GJ01
389,55538,2024-05-25,GJ01
341,47839,2024-05-26,GJ01
297,32027,2024-05-27,GJ01
311,33037,2024-05-28,GJ01
302,32634,2024-05-29,GJ01
323,34153,2024-05-30,GJ01
303,31957,2024-05-31,GJ01
266,37251,2024-06-01,GJ01
280,39376,2024-06-02,GJ01
293,31215,2024-06-03,GJ01
292,31100,2024-06-04,GJ01
302,32986,2024-06-05,GJ01
281,29859,2024-06-06,GJ01
280,29672,2024-06-07,GJ01
276,39718,2024-06-08,GJ01
258,35449,2024-06-09,GJ01
284,29732,2024-06-10,GJ01
329,34267,2024-06-11,GJ01
303,32109,2024-06-12,GJ01
270,28730,2024-06-13,GJ01
278,29442,2024-06-14,GJ01
234,33519,2024-06-15,GJ01
269,36923,2024-06-16,GJ01
301,31655,2024-06-17,GJ01
290,31726,2024-06-18,GJ01
299,32105,2024-06-19,GJ01
289,29643,2024-06-20,GJ01
299,31329,2024-06-21,GJ01
256,35279,2024-06-22,GJ01
251,34348,2024-06-23,GJ01
317,33423,2024-06-24,GJ01
310,32570,2024-06-25,GJ01
272,29152,2024-06-26,GJ01
279,30213,2024-06-27,GJ01
299,32489,2024-06-28,GJ01
280,40641,2024-06-29,GJ01
307,42188,2024-06-30,GJ01
131,14766,2024-01-01,GJ02
143,15462,2024-01-02,GJ02
129,14098,2024-01-03,GJ02
122,13220,2024-01-04,GJ02
125,13594,2024-01-05,GJ02
223,29944,2024-01-06,GJ02
216,28568,2024-01-07,GJ02
125,14194,2024-01-08,GJ02
106,11692,2024-01-09,GJ02
132,14392,2024-01-10,GJ02
125,13914,2024-01-11,GJ02
127,14966,2024-01-12,GJ02
200,26200,2024-01-13,GJ02
217,29606,2024-01-14,GJ02
111,13110,2024-01-15,GJ02
142,15476,2024-01-16,GJ02
148,16096,2024-01-17,GJ02
149,16514,2024-01-18,GJ02
135,14734,2024-01-19,GJ02
205,27710,2024-01-20,GJ02
204,27392,2024-01-21,GJ02
148,16088,2024-01-22,GJ02
125,13458,2024-01-23,GJ02
122,13028,2024-01-24,GJ02
148,16560,2024-01-25,GJ02
140,15064,2024-01-26,GJ02
223,29104,2024-01-27,GJ02
217,28296,2024-01-28,GJ02
150,15876,2024-01-29,GJ02
150,16748,2024-01-30,GJ02
137,15034,2024-01-31,GJ02
151,16838,2024-02-01,GJ02
173,19370,2024-02-02,GJ02
253,32914,2024-02-03,GJ02
256,33428,2024-02-04,GJ02
149,16626,2024-02-05,GJ02
150,17076,2024-02-06,GJ02
166,18092,2024-02-07,GJ02
145,16850,2024-02-08,GJ02
176,19352,2024-02-09,GJ02
251,32198,2024-02-10,GJ02
273,36084,2024-02-11,GJ02
163,18606,2024-02-12,GJ02
148,16296,2024-02-13,GJ02
137,15754,2024-02-14,GJ02
149,16842,2024-02-15,GJ02
168,18680,2024-02-16,GJ02
244,32262,2024-02-17,GJ02
230,30660,2024-02-18,GJ02
143,15366,2024-02-19,GJ02
159,17246,2024-02-20,GJ02
143,15902,2024-02-21,GJ02
140,15240,2024-02-22,GJ02
144,15936,2024-02-23,GJ02
252,32626,2024-02-24,GJ02
264,34502,2024-02-25,GJ02
137,15578,2024-02-26,GJ02
161,17938,2024-02-27,GJ02
160,16928,2024-02-28,GJ02
143,15494,2024-02-29,GJ02
165,18618,2024-03-01,GJ02
209,28362,2024-03-02,GJ02
229,29702,2024-03-03,GJ02
157,16970,2024-03-04,GJ02
160,17728,2024-03-05,GJ02
160,17120,2024-03-06,GJ02
191,20830,2024-03-07,GJ02
169,18978,2024-03-08,GJ02
195,26070,2024-03-09,GJ02
197,26106,2024-03-10,GJ02
193,21130,2024-03-11,GJ02
185,19610,2024-03-12,GJ02
152,16696,2024-03-13,GJ02
157,17642,2024-03-14,GJ02
174,19844,2024-03-15,GJ02
224,30652,2024-03-16,GJ02
220,29090,2024-03-17,GJ02
157,16962,2024-03-18,GJ02
169,17938,2024-03-19,GJ02
164,17464,2024-03-20,GJ02
162,18260,2024-03-21,GJ02
161,17346,2024-03-22,GJ02
206,28168,2024-03-23,GJ02
217,28706,2024-03-24,GJ02
158,17220,2024-03-25,GJ02
164,17896,2024-03-26,GJ02
154,16908,2024-03-27,GJ02
168,18144,2024-03-28,GJ02
162,18156,2024-03-29,GJ02
213,27864,2024-03-30,GJ02
206,27518,2024-03-31,GJ02
170,18340,2024-04-01,GJ02
194,21116,2024-04-02,GJ02
179,19294,2024-04-03,GJ02
173,19370,2024-04-04,GJ02
160,17648,2024-04-05,GJ02
285,38820,2024-04-06,GJ02
235,31580,2024-04-07,GJ02
166,18548,2024-04-08,GJ02
163,17254,2024-04-09,GJ02
193,21570,2024-04-10,GJ02
174,20540,2024-04-11,GJ02
164,17336,2024-04-12,GJ02
290,40300,2024-04-13,GJ02
267,36476,2024-04-14,GJ02
162,17172,2024-04-15,GJ02
181,20474,2024-04-16,GJ02
177,19666,2024-04-17,GJ02
175,18222,2024-04-18,GJ02
182,19444,2024-04-19,GJ02
284,37592,2024-04-20,GJ02
261,34958,2024-04-21,GJ02
161,17642,2024-04-22,GJ02
181,19434,2024-04-23,GJ02
159,17694,2024-04-24,GJ02
175,19198,2024-04-25,GJ02
160,18264,2024-04-26,GJ02
295,39850,2024-04-27,GJ02
242,31846,2024-04-28,GJ02
163,18174,2024-04-29,GJ02
170,18428,2024-04-30,GJ02
174,19180,2024-05-01,GJ02
181,19818,2024-05-02,GJ02
153,16842,2024-05-03,GJ02
235,31350,2024-05-04,GJ02
248,32024,2024-05-05,GJ02
164,18384,2024-05-06,GJ02
162,17780,2024-05-07,GJ02
182,19796,2024-05-08,GJ02
152,17408,2024-05-09,GJ02
174,19556,2024-05-10,GJ02
242,32716,2024-05-11,GJ02
256,33648,2024-05-12,GJ02
141,15146,2024-05-13,GJ02
168,18800,2024-05-14,GJ02
165,18522,2024-05-15,GJ02
163,17702,2024-05-16,GJ02
164,18552,2024-05-17,GJ02
263,34404,2024-05-18,GJ02
217,27916,2024-05-19,GJ02
179,19582,2024-05-20,GJ02
173,18874,2024-05-21,GJ02
170,18292,2024-05-22,GJ02
188,20880,2024-05-23,GJ02
160,17320,2024-05-24,GJ02
266,36528,2024-05-25,GJ02
243,32634,2024-05-26,GJ02
155,17070,2024-05-27,GJ02
171,18454,2024-05-28,GJ02
158,17684,2024-05-29,GJ02
170,17924,2024-05-30,GJ02
162,17580,2024-05-31,GJ02
193,26544,2024-06-01,GJ02
140,18320,2024-06-02,GJ02
138,15020,2024-06-03,GJ02
160,17584,2024-06-04,GJ02
154,17044,2024-06-05,GJ02
170,19724,2024-06-06,GJ02
139,15614,2024-06-07,GJ02
170,22500,2024-06-08,GJ02
169,23632,2024-06-09,GJ02
121,13242,2024-06-10,GJ02
133,15170,2024-06-11,GJ02
149,16338,2024-06-12,GJ02
163,18070,2024-06-13,GJ02
142,15420,2024-06-14,GJ02
178,23484,2024-06-15,GJ02
150,19990,2024-06-16,GJ02
146,16300,2024-06-17,GJ02
149,16682,2024-06-18,GJ02
142,15188,2024-06-19,GJ02
130,14948,2024-06-20,GJ02
151,16582,2024-06-21,GJ02
194,26122,2024-06-22,GJ02
164,21832,2024-06-23,GJ02
153,16618,2024-06-24,GJ02
157,17714,2024-06-25,GJ02
158,17420,2024-06-26,GJ02
150,16204,2024-06-27,GJ02
137,14922,2024-06-28,GJ02
190,25590,2024-06-29,GJ02
195,25480,2024-06-30,GJ02
32,6530,2024-01-01,KA01
43,8475,2024-01-02,KA01
37,6985,2024-01-03,KA01
37,7135,2024-01-04,KA01
45,8915,2024-01-05,KA01
185,52105,2024-01-06,KA01
169,48545,2024-01-07,KA01
46,9720,2024-01-08,KA01
46,8910,2024-01-09,KA01
43,8195,2024-01-10,KA01
52,10170,2024-01-11,KA01
48,9920,2024-01-12,KA01
183,51345,2024-01-13,KA01
170,46060,2024-01-14,KA01
40,7540,2024-01-15,KA01
40,7720,2024-01-16,KA01
47,9105,2024-01-17,KA01
50,10540,2024-01-18,KA01
50,10500,2024-01-19,KA01
164,45595,2024-01-20,KA01
190,53660,2024-01-21,KA01
51,10515,2024-01-22,KA01
47,9625,2024-01-23,KA01
48,9550,2024-01-24,KA01
53,10945,2024-01-25,KA01
46,9120,2024-01-26,KA01
189,51705,2024-01-27,KA01
197,56215,2024-01-28,KA01
48,9910,2024-01-29,KA01
49,10455,2024-01-30,KA01
40,7830,2024-01-31,KA01
55,11255,2024-02-01,KA01
44,9160,2024-02-02,KA01
206,59275,2024-02-03,KA01
187,52460,2024-02-04,KA01
48,9670,2024-02-05,KA01
54,11080,2024-02-06,KA01
61,12315,2024-02-07,KA01
43,8485,2024-02-08,KA01
40,8130,2024-02-09,KA01
202,55415,2024-02-10,KA01
213,59535,2024-02-11,KA01
37,7655,2024-02-12,KA01
55,10695,2024-02-13,KA01
39,7785,2024-02-14,KA01
38,7550,2024-02-15,KA01
51,10255,2024-02-16,KA01
197,54655,2024-02-17,KA01
227,62635,2024-02-18,KA01
44,8420,2024-02-19,KA01
32,6430,2024-02-20,KA01
42,8760,2024-02-21,KA01
52,10830,2024-02-22,KA01
44,8620,2024-02-23,KA01
241,67385,2024-02-24,KA01
245,68155,2024-02-25,KA01
44,8290,2024-02-26,KA01
33,6335,2024-02-27,KA01
45,8895,2024-02-28,KA01
49,9905,2024-02-29,KA01
52,10280,2024-03-01,KA01
153,43815,2024-03-02,KA01
181,51665,2024-03-03,KA01
41,7675,2024-03-04,KA01
41,8045,2024-03-05,KA01
59,11625,2024-03-06,KA01
52,10020,2024-03-07,KA01
53,11315,2024-03-08,KA01
143,41290,2024-03-09,KA01
168,48465,2024-03-10,KA01
39,7415,2024-03-11,KA01
46,9030,2024-03-12,KA01
49,10135,2024-03-13,KA01
46,9290,2024-03-14,KA01
37,7075,2024-03-15,KA01
149,41485,2024-03-16,KA01
182,50185,2024-03-17,KA01
35,6735,2024-03-18,KA01
51,10385,2024-03-19,KA01
58,12100,2024-03-20,KA01
49,9755,2024-03-21,KA01
42,8500,2024-03-22,KA01
170,48835,2024-03-23,KA01
173,48400,2024-03-24,KA01
54,10150,2024-03-25,KA01
46,9360,2024-03-26,KA01
45,9265,2024-03-27,KA01
51,10055,2024-03-28,KA01
54,10800,2024-03-29,KA01
156,43515,2024-03-30,KA01
158,45175,2024-03-31,KA01
34,6820,2024-04-01,KA01
60,11990,2024-04-02,KA01
42,8560,2024-04-03,KA01
49,9475,2024-04-04,KA01
50,9570,2024-04-05,KA01
197,55360,2024-04-06,KA01
178,51635,2024-04-07,KA01
57,12265,2024-04-08,KA01
36,7480,2024-04-09,KA01
48,9880,2024-04-10,KA01
52,10720,2024-04-11,KA01
43,8375,2024-04-12,KA01
205,56990,2024-04-13,KA01
194,54400,2024-04-14,KA01
44,8890,2024-04-15,KA01
47,9025,2024-04-16,KA01
38,7540,2024-04-17,KA01
53,10855,2024-04-18,KA01
53,10485,2024-04-19,KA01
214,60590,2024-04-20,KA01
181,49505,2024-04-21,KA01
49,9715,2024-04-22,KA01
51,10335,2024-04-23,KA01
46,9340,2024-04-24,KA01
43,8715,2024-04-25,KA01
42,8210,2024-04-26,KA01
206,57235,2024-04-27,KA01
196,55040,2024-04-28,KA01
46,9580,2024-04-29,KA01
49,9975,2024-04-30,KA01
57,11915,2024-05-01,KA01
66,11990,2024-05-02,KA01
75,15115,2024-05-03,KA01
206,59155,2024-05-04,KA01
205,57815,2024-05-05,KA01
56,10890,2024-05-06,KA01
57,11955,2024-05-07,KA01
49,9505,2024-05-08,KA01
53,10795,2024-05-09,KA01
43,8355,2024-05-10,KA01
187,53420,2024-05-11,KA01
217,62810,2024-05-12,KA01
64,13140,2024-05-13,KA01
52,10480,2024-05-14,KA01
45,9255,2024-05-15,KA01
55,10985,2024-05-16,KA01
57,11845,2024-05-17,KA01
229,64595,2024-05-18,KA01
202,56900,2024-05-19,KA01
57,11345,2024-05-20,KA01
54,10080,2024-05-21,KA01
55,10865,2024-05-22,KA01
63,13265,2024-05-23,KA01
48,10070,2024-05-24,KA01
226,63680,2024-05-25,KA01
225,64185,2024-05-26,KA01
59,11805,2024-05-27,KA01
49,9695,2024-05-28,KA01
70,14250,2024-05-29,KA01
60,11720,2024-05-30,KA01
66,13290,2024-05-31,KA01
165,48405,2024-06-01,KA01
185,51805,2024-06-02,KA01
50,10140,2024-06-03,KA01
52,10510,2024-06-04,KA01
56,11580,2024-06-05,KA01
61,11965,2024-06-06,KA01
71,14335,2024-06-07,KA01
179,50905,2024-06-08,KA01
169,45980,2024-06-09,KA01
50,8800,2024-06-10,KA01
43,8725,2024-06-11,KA01
44,8920,2024-06-12,KA01
56,11120,2024-06-13,KA01
55,10875,2024-06-14,KA01
185,53230,2024-06-15,KA01
190,52310,2024-06-16,KA01
55,11705,2024-06-17,KA01
57,11535,2024-06-18,KA01
50,10420,2024-06-19,KA01
53,11455,2024-06-20,KA01
66,13100,2024-06-21,KA01
158,45835,2024-06-22,KA01
187,54620,2024-06-23,KA01
61,11645,2024-06-24,KA01
56,10870,2024-06-25,KA01
53,10605,2024-06-26,KA01
45,9315,2024-06-27,KA01
60,12450,2024-06-28,KA01
162,44790,2024-06-29,KA01
168,47655,2024-06-30,KA01
134,39310,2024-01-01,KL01
150,43414,2024-01-02,KL01
154,47366,2024-01-03,KL01
139,41445,2024-01-04,KL01
145,43556,2024-01-05,KL01
527,195677,2024-01-06,KL01
470,173960,2024-01-07,KL01
142,40691,2024-01-08,KL01
147,41825,2024-01-09,KL01
143,42504,2024-01-10,KL01
135,39308,2024-01-11,KL01
153,45784,2024-01-12,KL01
506,189020,2024-01-13,KL01
507,183395,2024-01-14,KL01
130,38900,2024-01-15,KL01
167,48737,2024-01-16,KL01
144,41578,2024-01-17,KL01
127,37311,2024-01-18,KL01
140,41333,2024-01-19,KL01
480,175432,2024-01-20,KL01
528,192782,2024-01-21,KL01
152,44136,2024-01-22,KL01
141,42057,2024-01-23,KL01
160,46914,2024-01-24,KL01
138,40853,2024-01-25,KL01
126,37709,2024-01-26,KL01
516,191612,2024-01-27,KL01
519,192643,2024-01-28,KL01
146,42388,2024-01-29,KL01
138,41403,2024-01-30,KL01
140,42015,2024-01-31,KL01
153,45773,2024-02-01,KL01
162,46503,2024-02-02,KL01
593,214369,2024-02-03,KL01
598,224646,2024-02-04,KL01
137,40888,2024-02-05,KL01
131,38370,2024-02-06,KL01
167,48616,2024-02-07,KL01
146,45116,2024-02-08,KL01
144,43558,2024-02-09,KL01
533,192783,2024-02-10,KL01
561,208267,2024-02-11,KL01
125,38140,2024-02-12,KL01
138,39907,2024-02-13,KL01
175,52307,2024-02-14,KL01
169,49096,2024-02-15,KL01
148,44276,2024-02-16,KL01
550,202242,2024-02-17,KL01
618,228654,2024-02-18,KL01
147,41968,2024-02-19,KL01
143,41932,2024-02-20,KL01
160,49070,2024-02-21,KL01
152,42574,2024-02-22,KL01
163,46754,2024-02-23,KL01
563,208245,2024-02-24,KL01
555,206443,2024-02-25,KL01
147,44102,2024-02-26,KL01
143,41844,2024-02-27,KL01
141,42244,2024-02-28,KL01
126,36906,2024-02-29,KL01
183,54689,2024-03-01,KL01
508,189362,2024-03-02,KL01
493,179111,2024-03-03,KL01
210,62885,2024-03-04,KL01
210,58991,2024-03-05,KL01
176,52547,2024-03-06,KL01
222,67074,2024-03-07,KL01
220,67001,2024-03-08,KL01
524,193372,2024-03-09,KL01
534,196328,2024-03-10,KL01
205,60035,2024-03-11,KL01
206,62684,2024-03-12,KL01
214,64571,2024-03-13,KL01
187,54549,2024-03-14,KL01
214,61788,2024-03-15,KL01
523,191717,2024-03-16,KL01
509,189645,2024-03-17,KL01
214,67409,2024-03-18,KL01
210,60047,2024-03-19,KL01
193,55593,2024-03-20,KL01
212,61715,2024-03-21,KL01
202,58809,2024-03-22,KL01
509,187447,2024-03-23,KL01
543,194521,2024-03-24,KL01
200,59682,2024-03-25,KL01
189,54930,2024-03-26,KL01
195,55369,2024-03-27,KL01
201,60956,2024-03-28,KL01
223,66203,2024-03-29,KL01
524,194674,2024-03-30,KL01
