city_name,city_id,month_name,revenue
Visakhapatnam,AP01,2024-01-01,22464
Chandigarh,CH01,2024-01-01,38656
Surat,GJ01,2024-01-01,24958
Vadodara,GJ02,2024-01-01,14766
Mysore,KA01,2024-01-01,6530
Kochi,KL01,2024-01-01,39310
Indore,MP01,2024-01-01,24330
Jaipur,RJ01,2024-01-01,111407
Coimbatore,TN01,2024-01-01,13874
Lucknow,UP01,2024-01-01,52725
Visakhapatnam,AP01,2024-01-02,21600
Chandigarh,CH01,2024-01-02,32100
Surat,GJ01,2024-01-02,26069
Vadodara,GJ02,2024-01-02,15462
Mysore,KA01,2024-01-02,8475
Kochi,KL01,2024-01-02,43414
Indore,MP01,2024-01-02,22628
Jaipur,RJ01,2024-01-02,108674
Coimbatore,TN01,2024-01-02,16666
Lucknow,UP01,2024-01-02,52723
Visakhapatnam,AP01,2024-01-03,23814
Chandigarh,CH01,2024-01-03,33591
Surat,GJ01,2024-01-03,26693
Vadodara,GJ02,2024-01-03,14098
Mysore,KA01,2024-01-03,6985
Kochi,KL01,2024-01-03,47366
Indore,MP01,2024-01-03,23537
Jaipur,RJ01,2024-01-03,122104
Coimbatore,TN01,2024-01-03,11984
Lucknow,UP01,2024-01-03,51889
Visakhapatnam,AP01,2024-01-04,24021
Chandigarh,CH01,2024-01-04,39218
Surat,GJ01,2024-01-04,25713
Vadodara,GJ02,2024-01-04,13220
Mysore,KA01,2024-01-04,7135
Kochi,KL01,2024-01-04,41445
Indore,MP01,2024-01-04,23640
Jaipur,RJ01,2024-01-04,122380
Coimbatore,TN01,2024-01-04,15161
Lucknow,UP01,2024-01-04,53804
Visakhapatnam,AP01,2024-01-05,30915
Chandigarh,CH01,2024-01-05,34722
Surat,GJ01,2024-01-05,24462
Vadodara,GJ02,2024-01-05,13594
Mysore,KA01,2024-01-05,8915
Kochi,KL01,2024-01-05,43556
Indore,MP01,2024-01-05,23149
Jaipur,RJ01,2024-01-05,121582
Coimbatore,TN01,2024-01-05,11645
Lucknow,UP01,2024-01-05,46556
Visakhapatnam,AP01,2024-01-06,92027
Chandigarh,CH01,2024-01-06,138801
Surat,GJ01,2024-01-06,47130
Vadodara,GJ02,2024-01-06,29944
Mysore,KA01,2024-01-06,52105
Kochi,KL01,2024-01-06,195677
Indore,MP01,2024-01-06,82622
Jaipur,RJ01,2024-01-06,604272
Coimbatore,TN01,2024-01-06,38593
Lucknow,UP01,2024-01-06,53338
Visakhapatnam,AP01,2024-01-07,89156
Chandigarh,CH01,2024-01-07,135915
Surat,GJ01,2024-01-07,45684
Vadodara,GJ02,2024-01-07,28568
Mysore,KA01,2024-01-07,48545
Kochi,KL01,2024-01-07,173960
Indore,MP01,2024-01-07,76222
Jaipur,RJ01,2024-01-07,584761
Coimbatore,TN01,2024-01-07,38274
Lucknow,UP01,2024-01-07,55478
Visakhapatnam,AP01,2024-01-08,24111
Chandigarh,CH01,2024-01-08,34312
Surat,GJ01,2024-01-08,27932
Vadodara,GJ02,2024-01-08,14194
Mysore,KA01,2024-01-08,9720
Kochi,KL01,2024-01-08,40691
Indore,MP01,2024-01-08,23956
Jaipur,RJ01,2024-01-08,105885
Coimbatore,TN01,2024-01-08,13626
Lucknow,UP01,2024-01-08,50977
Visakhapatnam,AP01,2024-01-09,25335
Chandigarh,CH01,2024-01-09,36343
Surat,GJ01,2024-01-09,28354
Vadodara,GJ02,2024-01-09,11692
Mysore,KA01,2024-01-09,8910
Kochi,KL01,2024-01-09,41825
Indore,MP01,2024-01-09,27487
Jaipur,RJ01,2024-01-09,106205
Coimbatore,TN01,2024-01-09,15564
Lucknow,UP01,2024-01-09,49575
Visakhapatnam,AP01,2024-01-10,24084
Chandigarh,CH01,2024-01-10,31777
Surat,GJ01,2024-01-10,23475
Vadodara,GJ02,2024-01-10,14392
Mysore,KA01,2024-01-10,8195
Kochi,KL01,2024-01-10,42504
Indore,MP01,2024-01-10,21990
Jaipur,RJ01,2024-01-10,116480
Coimbatore,TN01,2024-01-10,11884
Lucknow,UP01,2024-01-10,50268
Visakhapatnam,AP01,2024-01-11,25992
Chandigarh,CH01,2024-01-11,35252
Surat,GJ01,2024-01-11,30704
Vadodara,GJ02,2024-01-11,13914
Mysore,KA01,2024-01-11,10170
Kochi,KL01,2024-01-11,39308
Indore,MP01,2024-01-11,23025
Jaipur,RJ01,2024-01-11,108721
Coimbatore,TN01,2024-01-11,12039
Lucknow,UP01,2024-01-11,45804
Visakhapatnam,AP01,2024-01-12,26226
Chandigarh,CH01,2024-01-12,38879
Surat,GJ01,2024-01-12,24588
Vadodara,GJ02,2024-01-12,14966
Mysore,KA01,2024-01-12,9920
Kochi,KL01,2024-01-12,45784
Indore,MP01,2024-01-12,26721
Jaipur,RJ01,2024-01-12,94991
Coimbatore,TN01,2024-01-12,9341
Lucknow,UP01,2024-01-12,48732
Visakhapatnam,AP01,2024-01-13,95331
Chandigarh,CH01,2024-01-13,127738
Surat,GJ01,2024-01-13,44921
Vadodara,GJ02,2024-01-13,26200
Mysore,KA01,2024-01-13,51345
Kochi,KL01,2024-01-13,189020
Indore,MP01,2024-01-13,76328
Jaipur,RJ01,2024-01-13,578964
Coimbatore,TN01,2024-01-13,34674
Lucknow,UP01,2024-01-13,54462
Visakhapatnam,AP01,2024-01-14,75965
Chandigarh,CH01,2024-01-14,146055
Surat,GJ01,2024-01-14,45744
Vadodara,GJ02,2024-01-14,29606
Mysore,KA01,2024-01-14,46060
Kochi,KL01,2024-01-14,183395
Indore,MP01,2024-01-14,85703
Jaipur,RJ01,2024-01-14,565595
Coimbatore,TN01,2024-01-14,33984
Lucknow,UP01,2024-01-14,57810
Visakhapatnam,AP01,2024-01-15,21780
Chandigarh,CH01,2024-01-15,36199
Surat,GJ01,2024-01-15,25320
Vadodara,GJ02,2024-01-15,13110
Mysore,KA01,2024-01-15,7540
Kochi,KL01,2024-01-15,38900
Indore,MP01,2024-01-15,24822
Jaipur,RJ01,2024-01-15,104016
Coimbatore,TN01,2024-01-15,14054
Lucknow,UP01,2024-01-15,44352
Visakhapatnam,AP01,2024-01-16,23472
Chandigarh,CH01,2024-01-16,35616
Surat,GJ01,2024-01-16,25494
Vadodara,GJ02,2024-01-16,15476
Mysore,KA01,2024-01-16,7720
Kochi,KL01,2024-01-16,48737
Indore,MP01,2024-01-16,24429
Jaipur,RJ01,2024-01-16,115465
Coimbatore,TN01,2024-01-16,14331
Lucknow,UP01,2024-01-16,44623
Visakhapatnam,AP01,2024-01-17,27945
Chandigarh,CH01,2024-01-17,42019
Surat,GJ01,2024-01-17,25954
Vadodara,GJ02,2024-01-17,16096
Mysore,KA01,2024-01-17,9105
Kochi,KL01,2024-01-17,41578
Indore,MP01,2024-01-17,26639
Jaipur,RJ01,2024-01-17,106161
Coimbatore,TN01,2024-01-17,14493
Lucknow,UP01,2024-01-17,52692
Visakhapatnam,AP01,2024-01-18,25407
Chandigarh,CH01,2024-01-18,34803
Surat,GJ01,2024-01-18,27111
Vadodara,GJ02,2024-01-18,16514
Mysore,KA01,2024-01-18,10540
Kochi,KL01,2024-01-18,37311
Indore,MP01,2024-01-18,22444
Jaipur,RJ01,2024-01-18,115096
Coimbatore,TN01,2024-01-18,15610
Lucknow,UP01,2024-01-18,48221
Visakhapatnam,AP01,2024-01-19,21024
Chandigarh,CH01,2024-01-19,33672
Surat,GJ01,2024-01-19,24233
Vadodara,GJ02,2024-01-19,14734
Mysore,KA01,2024-01-19,10500
Kochi,KL01,2024-01-19,41333
Indore,MP01,2024-01-19,26443
Jaipur,RJ01,2024-01-19,117098
Coimbatore,TN01,2024-01-19,15448
Lucknow,UP01,2024-01-19,52895
Visakhapatnam,AP01,2024-01-20,86490
Chandigarh,CH01,2024-01-20,132730
Surat,GJ01,2024-01-20,48468
Vadodara,GJ02,2024-01-20,27710
Mysore,KA01,2024-01-20,45595
Kochi,KL01,2024-01-20,175432
Indore,MP01,2024-01-20,82144
Jaipur,RJ01,2024-01-20,566916
Coimbatore,TN01,2024-01-20,37976
Lucknow,UP01,2024-01-20,52844
Visakhapatnam,AP01,2024-01-21,85659
Chandigarh,CH01,2024-01-21,149578
Surat,GJ01,2024-01-21,44810
Vadodara,GJ02,2024-01-21,27392
Mysore,KA01,2024-01-21,53660
Kochi,KL01,2024-01-21,192782
Indore,MP01,2024-01-21,75743
Jaipur,RJ01,2024-01-21,589383
Coimbatore,TN01,2024-01-21,38391
Lucknow,UP01,2024-01-21,53448
Visakhapatnam,AP01,2024-01-22,28971
Chandigarh,CH01,2024-01-22,40923
Surat,GJ01,2024-01-22,30188
Vadodara,GJ02,2024-01-22,16088
Mysore,KA01,2024-01-22,10515
Kochi,KL01,2024-01-22,44136
Indore,MP01,2024-01-22,23655
Jaipur,RJ01,2024-01-22,100093
Coimbatore,TN01,2024-01-22,14100
Lucknow,UP01,2024-01-22,51078
Visakhapatnam,AP01,2024-01-23,23400
Chandigarh,CH01,2024-01-23,36370
Surat,GJ01,2024-01-23,26522
Vadodara,GJ02,2024-01-23,13458
Mysore,KA01,2024-01-23,9625
Kochi,KL01,2024-01-23,42057
Indore,MP01,2024-01-23,24836
Jaipur,RJ01,2024-01-23,123006
Coimbatore,TN01,2024-01-23,13251
Lucknow,UP01,2024-01-23,54383
Visakhapatnam,AP01,2024-01-24,21546
Chandigarh,CH01,2024-01-24,37239
Surat,GJ01,2024-01-24,25900
Vadodara,GJ02,2024-01-24,13028
Mysore,KA01,2024-01-24,9550
Kochi,KL01,2024-01-24,46914
Indore,MP01,2024-01-24,23395
Jaipur,RJ01,2024-01-24,107928
Coimbatore,TN01,2024-01-24,15075
Lucknow,UP01,2024-01-24,56126
Visakhapatnam,AP01,2024-01-25,25866
Chandigarh,CH01,2024-01-25,40591
Surat,GJ01,2024-01-25,28313
Vadodara,GJ02,2024-01-25,16560
Mysore,KA01,2024-01-25,10945
Kochi,KL01,2024-01-25,40853
Indore,MP01,2024-01-25,24117
Jaipur,RJ01,2024-01-25,117736
Coimbatore,TN01,2024-01-25,15524
Lucknow,UP01,2024-01-25,51366
Visakhapatnam,AP01,2024-01-26,22608
Chandigarh,CH01,2024-01-26,30713
Surat,GJ01,2024-01-26,26013
Vadodara,GJ02,2024-01-26,15064
Mysore,KA01,2024-01-26,9120
Kochi,KL01,2024-01-26,37709
Indore,MP01,2024-01-26,22112
Jaipur,RJ01,2024-01-26,113369
Coimbatore,TN01,2024-01-26,13088
Lucknow,UP01,2024-01-26,49023
Visakhapatnam,AP01,2024-01-27,87994
Chandigarh,CH01,2024-01-27,137332
Surat,GJ01,2024-01-27,44858
Vadodara,GJ02,2024-01-27,29104
Mysore,KA01,2024-01-27,51705
Kochi,KL01,2024-01-27,191612
Indore,MP01,2024-01-27,81547
Jaipur,RJ01,2024-01-27,565558
Coimbatore,TN01,2024-01-27,40839
Lucknow,UP01,2024-01-27,54268
Visakhapatnam,AP01,2024-01-28,86658
Chandigarh,CH01,2024-01-28,135109
Surat,GJ01,2024-01-28,46377
Vadodara,GJ02,2024-01-28,28296
Mysore,KA01,2024-01-28,56215
Kochi,KL01,2024-01-28,192643
Indore,MP01,2024-01-28,86140
Jaipur,RJ01,2024-01-28,594303
Coimbatore,TN01,2024-01-28,34504
Lucknow,UP01,2024-01-28,54048
Visakhapatnam,AP01,2024-01-29,25119
Chandigarh,CH01,2024-01-29,33734
Surat,GJ01,2024-01-29,25378
Vadodara,GJ02,2024-01-29,15876
Mysore,KA01,2024-01-29,9910
Kochi,KL01,2024-01-29,42388
Indore,MP01,2024-01-29,21387
Jaipur,RJ01,2024-01-29,111870
Coimbatore,TN01,2024-01-29,12539
Lucknow,UP01,2024-01-29,50451
Visakhapatnam,AP01,2024-01-30,25389
Chandigarh,CH01,2024-01-30,39429
Surat,GJ01,2024-01-30,29761
Vadodara,GJ02,2024-01-30,16748
Mysore,KA01,2024-01-30,10455
Kochi,KL01,2024-01-30,41403
Indore,MP01,2024-01-30,23729
Jaipur,RJ01,2024-01-30,110307
Coimbatore,TN01,2024-01-30,12020
Lucknow,UP01,2024-01-30,56747
Visakhapatnam,AP01,2024-01-31,20718
Chandigarh,CH01,2024-01-31,34877
Surat,GJ01,2024-01-31,28422
Vadodara,GJ02,2024-01-31,15034
Mysore,KA01,2024-01-31,7830
Kochi,KL01,2024-01-31,42015
Indore,MP01,2024-01-31,24276
Jaipur,RJ01,2024-01-31,112984
Coimbatore,TN01,2024-01-31,12981
Lucknow,UP01,2024-01-31,50966
Visakhapatnam,AP01,2024-02-01,27927
Chandigarh,CH01,2024-02-01,37218
Surat,GJ01,2024-02-01,28128
Vadodara,GJ02,2024-02-01,16838
Mysore,KA01,2024-02-01,11255
Kochi,KL01,2024-02-01,45773
Indore,MP01,2024-02-01,22506
Jaipur,RJ01,2024-02-01,122156
Coimbatore,TN01,2024-02-01,13099
Lucknow,UP01,2024-02-01,59830
Visakhapatnam,AP01,2024-02-02,27657
Chandigarh,CH01,2024-02-02,35589
Surat,GJ01,2024-02-02,31247
Vadodara,GJ02,2024-02-02,19370
Mysore,KA01,2024-02-02,9160
Kochi,KL01,2024-02-02,46503
Indore,MP01,2024-02-02,24414
Jaipur,RJ01,2024-02-02,117525
Coimbatore,TN01,2024-02-02,15373
Lucknow,UP01,2024-02-02,61594
Visakhapatnam,AP01,2024-02-03,112163
Chandigarh,CH01,2024-02-03,154921
Surat,GJ01,2024-02-03,55501
Vadodara,GJ02,2024-02-03,32914
Mysore,KA01,2024-02-03,59275
Kochi,KL01,2024-02-03,214369
Indore,MP01,2024-02-03,103366
Jaipur,RJ01,2024-02-03,658554
Coimbatore,TN01,2024-02-03,33266
Lucknow,UP01,2024-02-03,64878
Visakhapatnam,AP01,2024-02-04,100277
Chandigarh,CH01,2024-02-04,156026
Surat,GJ01,2024-02-04,52822
Vadodara,GJ02,2024-02-04,33428
Mysore,KA01,2024-02-04,52460
Kochi,KL01,2024-02-04,224646
Indore,MP01,2024-02-04,102602
Jaipur,RJ01,2024-02-04,629197
Coimbatore,TN01,2024-02-04,33894
Lucknow,UP01,2024-02-04,64406
Visakhapatnam,AP01,2024-02-05,26280
Chandigarh,CH01,2024-02-05,43021
Surat,GJ01,2024-02-05,29625
Vadodara,GJ02,2024-02-05,16626
Mysore,KA01,2024-02-05,9670
Kochi,KL01,2024-02-05,40888
Indore,MP01,2024-02-05,24695
Jaipur,RJ01,2024-02-05,113290
Coimbatore,TN01,2024-02-05,13864
Lucknow,UP01,2024-02-05,55616
Visakhapatnam,AP01,2024-02-06,27306
Chandigarh,CH01,2024-02-06,44086
Surat,GJ01,2024-02-06,30887
Vadodara,GJ02,2024-02-06,17076
Mysore,KA01,2024-02-06,11080
Kochi,KL01,2024-02-06,38370
Indore,MP01,2024-02-06,23683
Jaipur,RJ01,2024-02-06,124859
Coimbatore,TN01,2024-02-06,13497
Lucknow,UP01,2024-02-06,67030
Visakhapatnam,AP01,2024-02-07,26253
Chandigarh,CH01,2024-02-07,38838
Surat,GJ01,2024-02-07,30344
Vadodara,GJ02,2024-02-07,18092
Mysore,KA01,2024-02-07,12315
Kochi,KL01,2024-02-07,48616
Indore,MP01,2024-02-07,23514
Jaipur,RJ01,2024-02-07,108644
Coimbatore,TN01,2024-02-07,15801
Lucknow,UP01,2024-02-07,60018
Visakhapatnam,AP01,2024-02-08,25371
Chandigarh,CH01,2024-02-08,41262
Surat,GJ01,2024-02-08,34983
Vadodara,GJ02,2024-02-08,16850
Mysore,KA01,2024-02-08,8485
Kochi,KL01,2024-02-08,45116
Indore,MP01,2024-02-08,23032
Jaipur,RJ01,2024-02-08,118690
Coimbatore,TN01,2024-02-08,10979
Lucknow,UP01,2024-02-08,57374
Visakhapatnam,AP01,2024-02-09,25812
Chandigarh,CH01,2024-02-09,44605
Surat,GJ01,2024-02-09,30047
Vadodara,GJ02,2024-02-09,19352
Mysore,KA01,2024-02-09,8130
Kochi,KL01,2024-02-09,43558
Indore,MP01,2024-02-09,23681
Jaipur,RJ01,2024-02-09,109515
Coimbatore,TN01,2024-02-09,13751
Lucknow,UP01,2024-02-09,62314
Visakhapatnam,AP01,2024-02-10,98054
Chandigarh,CH01,2024-02-10,167570
Surat,GJ01,2024-02-10,52646
Vadodara,GJ02,2024-02-10,32198
Mysore,KA01,2024-02-10,55415
Kochi,KL01,2024-02-10,192783
Indore,MP01,2024-02-10,105038
Jaipur,RJ01,2024-02-10,657726
Coimbatore,TN01,2024-02-10,37725
Lucknow,UP01,2024-02-10,62572
Visakhapatnam,AP01,2024-02-11,94777
Chandigarh,CH01,2024-02-11,156494
Surat,GJ01,2024-02-11,55991
Vadodara,GJ02,2024-02-11,36084
Mysore,KA01,2024-02-11,59535
Kochi,KL01,2024-02-11,208267
Indore,MP01,2024-02-11,96016
Jaipur,RJ01,2024-02-11,671388
Coimbatore,TN01,2024-02-11,36314
Lucknow,UP01,2024-02-11,63694
Visakhapatnam,AP01,2024-02-12,21852
Chandigarh,CH01,2024-02-12,35953
Surat,GJ01,2024-02-12,31161
Vadodara,GJ02,2024-02-12,18606
Mysore,KA01,2024-02-12,7655
Kochi,KL01,2024-02-12,38140
Indore,MP01,2024-02-12,26226
Jaipur,RJ01,2024-02-12,115625
Coimbatore,TN01,2024-02-12,13255
Lucknow,UP01,2024-02-12,58906
Visakhapatnam,AP01,2024-02-13,26226
Chandigarh,CH01,2024-02-13,42352
Surat,GJ01,2024-02-13,31690
Vadodara,GJ02,2024-02-13,16296
Mysore,KA01,2024-02-13,10695
Kochi,KL01,2024-02-13,39907
Indore,MP01,2024-02-13,25500
Jaipur,RJ01,2024-02-13,112887
Coimbatore,TN01,2024-02-13,14117
Lucknow,UP01,2024-02-13,58367
Visakhapatnam,AP01,2024-02-14,24858
Chandigarh,CH01,2024-02-14,41235
Surat,GJ01,2024-02-14,32344
Vadodara,GJ02,2024-02-14,15754
Mysore,KA01,2024-02-14,7785
Kochi,KL01,2024-02-14,52307
Indore,MP01,2024-02-14,25545
Jaipur,RJ01,2024-02-14,127433
Coimbatore,TN01,2024-02-14,12748
Lucknow,UP01,2024-02-14,62972
Visakhapatnam,AP01,2024-02-15,26154
Chandigarh,CH01,2024-02-15,38110
Surat,GJ01,2024-02-15,30051
Vadodara,GJ02,2024-02-15,16842
Mysore,KA01,2024-02-15,7550
Kochi,KL01,2024-02-15,49096
Indore,MP01,2024-02-15,24150
Jaipur,RJ01,2024-02-15,101139
Coimbatore,TN01,2024-02-15,13907
Lucknow,UP01,2024-02-15,58402
Visakhapatnam,AP01,2024-02-16,29277
Chandigarh,CH01,2024-02-16,43220
Surat,GJ01,2024-02-16,31119
Vadodara,GJ02,2024-02-16,18680
Mysore,KA01,2024-02-16,10255
Kochi,KL01,2024-02-16,44276
Indore,MP01,2024-02-16,24797
Jaipur,RJ01,2024-02-16,115353
Coimbatore,TN01,2024-02-16,10495
Lucknow,UP01,2024-02-16,54893
Visakhapatnam,AP01,2024-02-17,98384
Chandigarh,CH01,2024-02-17,156156
Surat,GJ01,2024-02-17,51169
Vadodara,GJ02,2024-02-17,32262
Mysore,KA01,2024-02-17,54655
Kochi,KL01,2024-02-17,202242
Indore,MP01,2024-02-17,104311
Jaipur,RJ01,2024-02-17,642624
Coimbatore,TN01,2024-02-17,41297
Lucknow,UP01,2024-02-17,63716
Visakhapatnam,AP01,2024-02-18,109916
Chandigarh,CH01,2024-02-18,160966
Surat,GJ01,2024-02-18,52316
Vadodara,GJ02,2024-02-18,30660
Mysore,KA01,2024-02-18,62635
Kochi,KL01,2024-02-18,228654
Indore,MP01,2024-02-18,97094
Jaipur,RJ01,2024-02-18,647129
Coimbatore,TN01,2024-02-18,34919
Lucknow,UP01,2024-02-18,62008
Visakhapatnam,AP01,2024-02-19,21600
Chandigarh,CH01,2024-02-19,46398
Surat,GJ01,2024-02-19,33122
Vadodara,GJ02,2024-02-19,15366
Mysore,KA01,2024-02-19,8420
Kochi,KL01,2024-02-19,41968
Indore,MP01,2024-02-19,24100
Jaipur,RJ01,2024-02-19,122538
Coimbatore,TN01,2024-02-19,14067
Lucknow,UP01,2024-02-19,58372
Visakhapatnam,AP01,2024-02-20,29322
Chandigarh,CH01,2024-02-20,37777
Surat,GJ01,2024-02-20,30563
Vadodara,GJ02,2024-02-20,17246
Mysore,KA01,2024-02-20,6430
Kochi,KL01,2024-02-20,41932
Indore,MP01,2024-02-20,25499
Jaipur,RJ01,2024-02-20,119461
Coimbatore,TN01,2024-02-20,14775
Lucknow,UP01,2024-02-20,65515
Visakhapatnam,AP01,2024-02-21,24453
Chandigarh,CH01,2024-02-21,43695
Surat,GJ01,2024-02-21,31447
Vadodara,GJ02,2024-02-21,15902
Mysore,KA01,2024-02-21,8760
Kochi,KL01,2024-02-21,49070
Indore,MP01,2024-02-21,25242
Jaipur,RJ01,2024-02-21,135972
Coimbatore,TN01,2024-02-21,13196
Lucknow,UP01,2024-02-21,60750
Visakhapatnam,AP01,2024-02-22,28494
Chandigarh,CH01,2024-02-22,39789
Surat,GJ01,2024-02-22,32772
Vadodara,GJ02,2024-02-22,15240
Mysore,KA01,2024-02-22,10830
Kochi,KL01,2024-02-22,42574
Indore,MP01,2024-02-22,24004
Jaipur,RJ01,2024-02-22,114996
Coimbatore,TN01,2024-02-22,12723
Lucknow,UP01,2024-02-22,64587
Visakhapatnam,AP01,2024-02-23,26946
Chandigarh,CH01,2024-02-23,45207
Surat,GJ01,2024-02-23,29073
Vadodara,GJ02,2024-02-23,15936
Mysore,KA01,2024-02-23,8620
Kochi,KL01,2024-02-23,46754
Indore,MP01,2024-02-23,24127
Jaipur,RJ01,2024-02-23,131468
Coimbatore,TN01,2024-02-23,12166
Lucknow,UP01,2024-02-23,58226
Visakhapatnam,AP01,2024-02-24,103266
Chandigarh,CH01,2024-02-24,142285
Surat,GJ01,2024-02-24,56191
Vadodara,GJ02,2024-02-24,32626
Mysore,KA01,2024-02-24,67385
Kochi,KL01,2024-02-24,208245
Indore,MP01,2024-02-24,99130
Jaipur,RJ01,2024-02-24,663213
Coimbatore,TN01,2024-02-24,36697
Lucknow,UP01,2024-02-24,68968
Visakhapatnam,AP01,2024-02-25,105442
Chandigarh,CH01,2024-02-25,154674
Surat,GJ01,2024-02-25,50085
Vadodara,GJ02,2024-02-25,34502
Mysore,KA01,2024-02-25,68155
Kochi,KL01,2024-02-25,206443
Indore,MP01,2024-02-25,92969
Jaipur,RJ01,2024-02-25,677597
Coimbatore,TN01,2024-02-25,38536
Lucknow,UP01,2024-02-25,63374
Visakhapatnam,AP01,2024-02-26,24462
Chandigarh,CH01,2024-02-26,43597
Surat,GJ01,2024-02-26,30203
Vadodara,GJ02,2024-02-26,15578
Mysore,KA01,2024-02-26,8290
Kochi,KL01,2024-02-26,44102
Indore,MP01,2024-02-26,25142
Jaipur,RJ01,2024-02-26,129685
Coimbatore,TN01,2024-02-26,12105
Lucknow,UP01,2024-02-26,61964
Visakhapatnam,AP01,2024-02-27,29079
Chandigarh,CH01,2024-02-27,40946
Surat,GJ01,2024-02-27,29127
Vadodara,GJ02,2024-02-27,17938
Mysore,KA01,2024-02-27,6335
Kochi,KL01,2024-02-27,41844
Indore,MP01,2024-02-27,22496
Jaipur,RJ01,2024-02-27,112526
Coimbatore,TN01,2024-02-27,12191
Lucknow,UP01,2024-02-27,62707
Visakhapatnam,AP01,2024-02-28,24408
Chandigarh,CH01,2024-02-28,39944
Surat,GJ01,2024-02-28,26976
Vadodara,GJ02,2024-02-28,16928
Mysore,KA01,2024-02-28,8895
Kochi,KL01,2024-02-28,42244
Indore,MP01,2024-02-28,28028
Jaipur,RJ01,2024-02-28,117840
Coimbatore,TN01,2024-02-28,10995
Lucknow,UP01,2024-02-28,55868
Visakhapatnam,AP01,2024-02-29,25731
Chandigarh,CH01,2024-02-29,36356
Surat,GJ01,2024-02-29,30736
Vadodara,GJ02,2024-02-29,15494
Mysore,KA01,2024-02-29,9905
Kochi,KL01,2024-02-29,36906
Indore,MP01,2024-02-29,24211
Jaipur,RJ01,2024-02-29,128172
Coimbatore,TN01,2024-02-29,15300
Lucknow,UP01,2024-02-29,58348
Visakhapatnam,AP01,2024-03-01,24669
Chandigarh,CH01,2024-03-01,34250
Surat,GJ01,2024-03-01,30708
Vadodara,GJ02,2024-03-01,18618
Mysore,KA01,2024-03-01,10280
Kochi,KL01,2024-03-01,54689
Indore,MP01,2024-03-01,24665
Jaipur,RJ01,2024-03-01,102426
Coimbatore,TN01,2024-03-01,15514
Lucknow,UP01,2024-03-01,51735
Visakhapatnam,AP01,2024-03-02,83460
Chandigarh,CH01,2024-03-02,101530
Surat,GJ01,2024-03-02,42749
Vadodara,GJ02,2024-03-02,28362
Mysore,KA01,2024-03-02,43815
Kochi,KL01,2024-03-02,189362
Indore,MP01,2024-03-02,76027
Jaipur,RJ01,2024-03-02,457030
Coimbatore,TN01,2024-03-02,29817
Lucknow,UP01,2024-03-02,44022
Visakhapatnam,AP01,2024-03-03,77586
Chandigarh,CH01,2024-03-03,113633
Surat,GJ01,2024-03-03,42270
Vadodara,GJ02,2024-03-03,29702
Mysore,KA01,2024-03-03,51665
Kochi,KL01,2024-03-03,179111
Indore,MP01,2024-03-03,67628
Jaipur,RJ01,2024-03-03,434946
Coimbatore,TN01,2024-03-03,28540
Lucknow,UP01,2024-03-03,47754
Visakhapatnam,AP01,2024-03-04,26829
Chandigarh,CH01,2024-03-04,37751
Surat,GJ01,2024-03-04,34863
Vadodara,GJ02,2024-03-04,16970
Mysore,KA01,2024-03-04,7675
Kochi,KL01,2024-03-04,62885
Indore,MP01,2024-03-04,23118
Jaipur,RJ01,2024-03-04,93675
Coimbatore,TN01,2024-03-04,14818
Lucknow,UP01,2024-03-04,55909
Visakhapatnam,AP01,2024-03-05,29214
Chandigarh,CH01,2024-03-05,34501
Surat,GJ01,2024-03-05,32138
Vadodara,GJ02,2024-03-05,17728
Mysore,KA01,2024-03-05,8045
Kochi,KL01,2024-03-05,58991
Indore,MP01,2024-03-05,21798
Jaipur,RJ01,2024-03-05,113406
Coimbatore,TN01,2024-03-05,14495
Lucknow,UP01,2024-03-05,54683
Visakhapatnam,AP01,2024-03-06,22509
Chandigarh,CH01,2024-03-06,41839
Surat,GJ01,2024-03-06,30652
Vadodara,GJ02,2024-03-06,17120
Mysore,KA01,2024-03-06,11625
Kochi,KL01,2024-03-06,52547
Indore,MP01,2024-03-06,24864
Jaipur,RJ01,2024-03-06,96292
Coimbatore,TN01,2024-03-06,14605
Lucknow,UP01,2024-03-06,59048
Visakhapatnam,AP01,2024-03-07,28656
Chandigarh,CH01,2024-03-07,33205
Surat,GJ01,2024-03-07,32782
Vadodara,GJ02,2024-03-07,20830
Mysore,KA01,2024-03-07,10020
Kochi,KL01,2024-03-07,67074
Indore,MP01,2024-03-07,24641
Jaipur,RJ01,2024-03-07,109026
Coimbatore,TN01,2024-03-07,15037
Lucknow,UP01,2024-03-07,57241
Visakhapatnam,AP01,2024-03-08,33768
Chandigarh,CH01,2024-03-08,36752
Surat,GJ01,2024-03-08,33202
Vadodara,GJ02,2024-03-08,18978
Mysore,KA01,2024-03-08,11315
Kochi,KL01,2024-03-08,67001
Indore,MP01,2024-03-08,23994
Jaipur,RJ01,2024-03-08,104208
Coimbatore,TN01,2024-03-08,17255
Lucknow,UP01,2024-03-08,52806
Visakhapatnam,AP01,2024-03-09,78196
Chandigarh,CH01,2024-03-09,100919
Surat,GJ01,2024-03-09,41821
Vadodara,GJ02,2024-03-09,26070
Mysore,KA01,2024-03-09,41290
Kochi,KL01,2024-03-09,193372
Indore,MP01,2024-03-09,69944
Jaipur,RJ01,2024-03-09,435840
Coimbatore,TN01,2024-03-09,28778
Lucknow,UP01,2024-03-09,48026
Visakhapatnam,AP01,2024-03-10,75919
Chandigarh,CH01,2024-03-10,102505
Surat,GJ01,2024-03-10,40690
Vadodara,GJ02,2024-03-10,26106
Mysore,KA01,2024-03-10,48465
Kochi,KL01,2024-03-10,196328
Indore,MP01,2024-03-10,79932
Jaipur,RJ01,2024-03-10,405251
Coimbatore,TN01,2024-03-10,33660
Lucknow,UP01,2024-03-10,46542
Visakhapatnam,AP01,2024-03-11,31698
Chandigarh,CH01,2024-03-11,37265
Surat,GJ01,2024-03-11,32816
Vadodara,GJ02,2024-03-11,21130
Mysore,KA01,2024-03-11,7415
Kochi,KL01,2024-03-11,60035
Indore,MP01,2024-03-11,25875
Jaipur,RJ01,2024-03-11,96862
Coimbatore,TN01,2024-03-11,14476
Lucknow,UP01,2024-03-11,56928
Visakhapatnam,AP01,2024-03-12,29772
Chandigarh,CH01,2024-03-12,37488
Surat,GJ01,2024-03-12,30981
Vadodara,GJ02,2024-03-12,19610
Mysore,KA01,2024-03-12,9030
Kochi,KL01,2024-03-12,62684
Indore,MP01,2024-03-12,27215
Jaipur,RJ01,2024-03-12,95024
Coimbatore,TN01,2024-03-12,10919
Lucknow,UP01,2024-03-12,58496
Visakhapatnam,AP01,2024-03-13,31257
Chandigarh,CH01,2024-03-13,40251
Surat,GJ01,2024-03-13,32157
Vadodara,GJ02,2024-03-13,16696
Mysore,KA01,2024-03-13,10135
Kochi,KL01,2024-03-13,64571
Indore,MP01,2024-03-13,22216
Jaipur,RJ01,2024-03-13,106534
Coimbatore,TN01,2024-03-13,14600
Lucknow,UP01,2024-03-13,55640
Visakhapatnam,AP01,2024-03-14,28854
Chandigarh,CH01,2024-03-14,29628
Surat,GJ01,2024-03-14,34977
Vadodara,GJ02,2024-03-14,17642
Mysore,KA01,2024-03-14,9290
Kochi,KL01,2024-03-14,54549
Indore,MP01,2024-03-14,27006
Jaipur,RJ01,2024-03-14,90682
Coimbatore,TN01,2024-03-14,16507
Lucknow,UP01,2024-03-14,58695
Visakhapatnam,AP01,2024-03-15,27585
Chandigarh,CH01,2024-03-15,34621
Surat,GJ01,2024-03-15,32632
Vadodara,GJ02,2024-03-15,19844
Mysore,KA01,2024-03-15,7075
Kochi,KL01,2024-03-15,61788
Indore,MP01,2024-03-15,27949
Jaipur,RJ01,2024-03-15,105196
Coimbatore,TN01,2024-03-15,15848
Lucknow,UP01,2024-03-15,58925
Visakhapatnam,AP01,2024-03-16,79168
Chandigarh,CH01,2024-03-16,109343
Surat,GJ01,2024-03-16,39721
Vadodara,GJ02,2024-03-16,30652
Mysore,KA01,2024-03-16,41485
Kochi,KL01,2024-03-16,191717
Indore,MP01,2024-03-16,77718
Jaipur,RJ01,2024-03-16,447018
Coimbatore,TN01,2024-03-16,31156
Lucknow,UP01,2024-03-16,43396
Visakhapatnam,AP01,2024-03-17,84160
Chandigarh,CH01,2024-03-17,107133
Surat,GJ01,2024-03-17,41609
Vadodara,GJ02,2024-03-17,29090
Mysore,KA01,2024-03-17,50185
Kochi,KL01,2024-03-17,189645
Indore,MP01,2024-03-17,72393
Jaipur,RJ01,2024-03-17,399431
Coimbatore,TN01,2024-03-17,31342
Lucknow,UP01,2024-03-17,44052
Visakhapatnam,AP01,2024-03-18,23769
Chandigarh,CH01,2024-03-18,40366
Surat,GJ01,2024-03-18,34957
Vadodara,GJ02,2024-03-18,16962
Mysore,KA01,2024-03-18,6735
Kochi,KL01,2024-03-18,67409
Indore,MP01,2024-03-18,25165
Jaipur,RJ01,2024-03-18,109635
Coimbatore,TN01,2024-03-18,17126
Lucknow,UP01,2024-03-18,57599
Visakhapatnam,AP01,2024-03-19,24039
Chandigarh,CH01,2024-03-19,39266
Surat,GJ01,2024-03-19,31993
Vadodara,GJ02,2024-03-19,17938
Mysore,KA01,2024-03-19,10385
Kochi,KL01,2024-03-19,60047
Indore,MP01,2024-03-19,21743
Jaipur,RJ01,2024-03-19,115082
Coimbatore,TN01,2024-03-19,13423
Lucknow,UP01,2024-03-19,53520
Visakhapatnam,AP01,2024-03-20,23769
Chandigarh,CH01,2024-03-20,39270
Surat,GJ01,2024-03-20,32163
Vadodara,GJ02,2024-03-20,17464
Mysore,KA01,2024-03-20,12100
Kochi,KL01,2024-03-20,55593
Indore,MP01,2024-03-20,26264
Jaipur,RJ01,2024-03-20,96167
Coimbatore,TN01,2024-03-20,14955
Lucknow,UP01,2024-03-20,54112
Visakhapatnam,AP01,2024-03-21,27423
Chandigarh,CH01,2024-03-21,40683
Surat,GJ01,2024-03-21,32455
Vadodara,GJ02,2024-03-21,18260
Mysore,KA01,2024-03-21,9755
Kochi,KL01,2024-03-21,61715
Indore,MP01,2024-03-21,26565
Jaipur,RJ01,2024-03-21,100608
Coimbatore,TN01,2024-03-21,13164
Lucknow,UP01,2024-03-21,60484
Visakhapatnam,AP01,2024-03-22,27648
Chandigarh,CH01,2024-03-22,42961
Surat,GJ01,2024-03-22,32859
Vadodara,GJ02,2024-03-22,17346
Mysore,KA01,2024-03-22,8500
Kochi,KL01,2024-03-22,58809
Indore,MP01,2024-03-22,24415
Jaipur,RJ01,2024-03-22,95262
Coimbatore,TN01,2024-03-22,14332
Lucknow,UP01,2024-03-22,61055
Visakhapatnam,AP01,2024-03-23,81716
Chandigarh,CH01,2024-03-23,126334
Surat,GJ01,2024-03-23,41230
Vadodara,GJ02,2024-03-23,28168
Mysore,KA01,2024-03-23,48835
Kochi,KL01,2024-03-23,187447
Indore,MP01,2024-03-23,75183
Jaipur,RJ01,2024-03-23,446702
Coimbatore,TN01,2024-03-23,31347
Lucknow,UP01,2024-03-23,47176
Visakhapatnam,AP01,2024-03-24,83058
Chandigarh,CH01,2024-03-24,104702
Surat,GJ01,2024-03-24,42900
Vadodara,GJ02,2024-03-24,28706
Mysore,KA01,2024-03-24,48400
Kochi,KL01,2024-03-24,194521
Indore,MP01,2024-03-24,73927
Jaipur,RJ01,2024-03-24,419869
Coimbatore,TN01,2024-03-24,32122
Lucknow,UP01,2024-03-24,45682
Visakhapatnam,AP01,2024-03-25,33615
Chandigarh,CH01,2024-03-25,35284
Surat,GJ01,2024-03-25,28467
Vadodara,GJ02,2024-03-25,17220
Mysore,KA01,2024-03-25,10150
Kochi,KL01,2024-03-25,59682
Indore,MP01,2024-03-25,22566
Jaipur,RJ01,2024-03-25,102828
Coimbatore,TN01,2024-03-25,12361
Lucknow,UP01,2024-03-25,58917
Visakhapatnam,AP01,2024-03-26,26199
Chandigarh,CH01,2024-03-26,32898
Surat,GJ01,2024-03-26,31862
Vadodara,GJ02,2024-03-26,17896
Mysore,KA01,2024-03-26,9360
Kochi,KL01,2024-03-26,54930
Indore,MP01,2024-03-26,25045
Jaipur,RJ01,2024-03-26,95728
Coimbatore,TN01,2024-03-26,14297
Lucknow,UP01,2024-03-26,58468
Visakhapatnam,AP01,2024-03-27,24768
Chandigarh,CH01,2024-03-27,33106
Surat,GJ01,2024-03-27,29894
Vadodara,GJ02,2024-03-27,16908
Mysore,KA01,2024-03-27,9265
Kochi,KL01,2024-03-27,55369
Indore,MP01,2024-03-27,23118
Jaipur,RJ01,2024-03-27,109816
Coimbatore,TN01,2024-03-27,12651
Lucknow,UP01,2024-03-27,59128
Visakhapatnam,AP01,2024-03-28,29412
Chandigarh,CH01,2024-03-28,39820
Surat,GJ01,2024-03-28,32915
Vadodara,GJ02,2024-03-28,18144
Mysore,KA01,2024-03-28,10055
Kochi,KL01,2024-03-28,60956
Indore,MP01,2024-03-28,25052
Jaipur,RJ01,2024-03-28,97593
Coimbatore,TN01,2024-03-28,14228
Lucknow,UP01,2024-03-28,52494
Visakhapatnam,AP01,2024-03-29,28422
Chandigarh,CH01,2024-03-29,38947
Surat,GJ01,2024-03-29,33084
Vadodara,GJ02,2024-03-29,18156
Mysore,KA01,2024-03-29,10800
Kochi,KL01,2024-03-29,66203
Indore,MP01,2024-03-29,26302
Jaipur,RJ01,2024-03-29,107408
Coimbatore,TN01,2024-03-29,16222
Lucknow,UP01,2024-03-29,53333
Visakhapatnam,AP01,2024-03-30,74691
Chandigarh,CH01,2024-03-30,109356
Surat,GJ01,2024-03-30,37083
Vadodara,GJ02,2024-03-30,27864
Mysore,KA01,2024-03-30,43515
Kochi,KL01,2024-03-30,194674
Indore,MP01,2024-03-30,78773
Jaipur,RJ01,2024-03-30,443522
Coimbatore,TN01,2024-03-30,32047
Lucknow,UP01,2024-03-30,50632
Visakhapatnam,AP01,2024-03-31,83952
Chandigarh,CH01,2024-03-31,108186
Surat,GJ01,2024-03-31,40374
Vadodara,GJ02,2024-03-31,27518
Mysore,KA01,2024-03-31,45175
Kochi,KL01,2024-03-31,194686
Indore,MP01,2024-03-31,74981
Jaipur,RJ01,2024-03-31,429025
Coimbatore,TN01,2024-03-31,26314
Lucknow,UP01,2024-03-31,47248
Visakhapatnam,AP01,2024-04-01,23616
Chandigarh,CH01,2024-04-01,27460
Surat,GJ01,2024-04-01,30990
Vadodara,GJ02,2024-04-01,18340
Mysore,KA01,2024-04-01,6820
Kochi,KL01,2024-04-01,63053
Indore,MP01,2024-04-01,26497
Jaipur,RJ01,2024-04-01,95575
Coimbatore,TN01,2024-04-01,13335
Lucknow,UP01,2024-04-01,49565
Visakhapatnam,AP01,2024-04-02,30672
Chandigarh,CH01,2024-04-02,32630
Surat,GJ01,2024-04-02,32100
Vadodara,GJ02,2024-04-02,21116
Mysore,KA01,2024-04-02,11990
Kochi,KL01,2024-04-02,65459
Indore,MP01,2024-04-02,26090
Jaipur,RJ01,2024-04-02,87042
Coimbatore,TN01,2024-04-02,13529
Lucknow,UP01,2024-04-02,50180
Visakhapatnam,AP01,2024-04-03,29511
Chandigarh,CH01,2024-04-03,28875
Surat,GJ01,2024-04-03,36420
Vadodara,GJ02,2024-04-03,19294
Mysore,KA01,2024-04-03,8560
Kochi,KL01,2024-04-03,64824
Indore,MP01,2024-04-03,26958
Jaipur,RJ01,2024-04-03,93324
Coimbatore,TN01,2024-04-03,12608
Lucknow,UP01,2024-04-03,49270
Visakhapatnam,AP01,2024-04-04,30708
Chandigarh,CH01,2024-04-04,29924
Surat,GJ01,2024-04-04,37247
Vadodara,GJ02,2024-04-04,19370
Mysore,KA01,2024-04-04,9475
Kochi,KL01,2024-04-04,68804
Indore,MP01,2024-04-04,24294
Jaipur,RJ01,2024-04-04,89900
Coimbatore,TN01,2024-04-04,11079
Lucknow,UP01,2024-04-04,55897
Visakhapatnam,AP01,2024-04-05,29556
Chandigarh,CH01,2024-04-05,28659
Surat,GJ01,2024-04-05,31494
Vadodara,GJ02,2024-04-05,17648
Mysore,KA01,2024-04-05,9570
Kochi,KL01,2024-04-05,56619
Indore,MP01,2024-04-05,26122
Jaipur,RJ01,2024-04-05,87080
Coimbatore,TN01,2024-04-05,14149
Lucknow,UP01,2024-04-05,47214
Visakhapatnam,AP01,2024-04-06,110958
Chandigarh,CH01,2024-04-06,107120
Surat,GJ01,2024-04-06,53762
Vadodara,GJ02,2024-04-06,38820
Mysore,KA01,2024-04-06,55360
Kochi,KL01,2024-04-06,232865
Indore,MP01,2024-04-06,99011
Jaipur,RJ01,2024-04-06,450226
Coimbatore,TN01,2024-04-06,39351
Lucknow,UP01,2024-04-06,47848
Visakhapatnam,AP01,2024-04-07,100899
Chandigarh,CH01,2024-04-07,114205
Surat,GJ01,2024-04-07,52918
Vadodara,GJ02,2024-04-07,31580
Mysore,KA01,2024-04-07,51635
Kochi,KL01,2024-04-07,258814
Indore,MP01,2024-04-07,94244
Jaipur,RJ01,2024-04-07,460775
Coimbatore,TN01,2024-04-07,37089
Lucknow,UP01,2024-04-07,51190
Visakhapatnam,AP01,2024-04-08,25785
Chandigarh,CH01,2024-04-08,31817
Surat,GJ01,2024-04-08,27618
Vadodara,GJ02,2024-04-08,18548
Mysore,KA01,2024-04-08,12265
Kochi,KL01,2024-04-08,58212
Indore,MP01,2024-04-08,23792
Jaipur,RJ01,2024-04-08,91588
Coimbatore,TN01,2024-04-08,17997
Lucknow,UP01,2024-04-08,46920
Visakhapatnam,AP01,2024-04-09,23139
Chandigarh,CH01,2024-04-09,30551
Surat,GJ01,2024-04-09,34622
Vadodara,GJ02,2024-04-09,17254
Mysore,KA01,2024-04-09,7480
Kochi,KL01,2024-04-09,65389
Indore,MP01,2024-04-09,25516
Jaipur,RJ01,2024-04-09,86223
Coimbatore,TN01,2024-04-09,14780
Lucknow,UP01,2024-04-09,52300
